Month,Days,Snow (4.5),Turf (4.5),Pest (4.5),Total (4.5),Snow (4.9),Turf (4.9),Pest (4.9),Total (4.9),Snow (5.2),Turf (5.2),Pest (5.2),Total (5.2)
November,30,1969.753268,59933.28993,216930.7881,278833.8313,4128.368653,125613.0498,454661.1394,584402.5579,5747.330191,174872.8698,632958.903,813579.1029
December,31,18125.4715,5283.335262,62760.46198,86169.26874,37988.83321,11073.24254,131538.4663,180600.5421,52886.35449,15415.673,183121.9696,251423.9971